-- phpMyAdmin SQL Dump
-- version 4.6.4deb1
-- https://www.phpmyadmin.net/
--
-- Host: localhost:3306
-- Generation Time: 2017-02-16 11:45:05
-- 服务器版本： 5.7.17-0ubuntu0.16.10.1
-- PHP Version: 7.0.15-1+deb.sury.org~yakkety+1

SET SQL_MODE = "NO_AUTO_VALUE_ON_ZERO";
SET time_zone = "+00:00";


/*!40101 SET @OLD_CHARACTER_SET_CLIENT=@@CHARACTER_SET_CLIENT */;
/*!40101 SET @OLD_CHARACTER_SET_RESULTS=@@CHARACTER_SET_RESULTS */;
/*!40101 SET @OLD_COLLATION_CONNECTION=@@COLLATION_CONNECTION */;
/*!40101 SET NAMES utf8mb4 */;

--
-- Database: `mho`
--

-- --------------------------------------------------------

--
-- 表的结构 `material`
--

CREATE TABLE `material` (
  `id` int(20) UNSIGNED NOT NULL COMMENT 'id',
  `name` varchar(50) NOT NULL DEFAULT '' COMMENT 'name',
  `count` varchar(50) NOT NULL DEFAULT '' COMMENT 'count',
  `price` varchar(50) NOT NULL DEFAULT '' COMMENT 'price',
  `is_update` int(12) NOT NULL DEFAULT '0' COMMENT 'isUpdate',
  `is_normal_material` int(11) NOT NULL DEFAULT '0',
  `monster_id` int(20) NOT NULL DEFAULT '1'
) ENGINE=InnoDB DEFAULT CHARSET=utf8 COMMENT='material';

--
-- 转存表中的数据 `material`
--

INSERT INTO `material` (`id`, `name`, `count`, `price`, `is_update`, `is_normal_material`, `monster_id`) VALUES
(1, '土蜂幼虫', '1', '98--198', 0, 1, 0),
(2, '杀人蜂幼虫', '1', '98--222', 0, 1, 0),
(3, '山青虫', '1', '99--133', 0, 1, 0),
(4, '蓝闪蝶', '1', '520--655', 0, 1, 0),
(5, '红角蝶', '1', '98--198', 0, 1, 0),
(6, '黏着的白蚁', '1', '119--', 0, 1, 0),
(7, '上兽骨', '1', '498--698', 0, 1, 0),
(8, '兽骨[大]', '1', '455--571', 0, 1, 0),
(9, '兽骨[中]', '1', '390--435', 0, 1, 0),
(10, '上龙骨', '1', '577--655', 0, 1, 0),
(11, '龙骨[大]', '1', '300--398', 0, 1, 0),
(12, '龙骨[中]', '1', '--398', 0, 1, 0),
(13, '圆盘石', '3', '333', 0, 1, 0),
(14, '辉水晶', '1', '332--493', 0, 1, 0),
(15, '光水晶', '1', '134--312', 0, 1, 0),
(16, '辉龙石', '1;10', '114--119;498', 0, 1, 0),
(17, '灵鹤石', '1', '104--189', 0, 1, 0),
(18, '蓝蘑菇', '50', '748-1111', 0, 1, 0),
(19, '硝化蘑菇', '10', '804--998', 0, 1, 0),
(20, '解毒草', '10', '398', 0, 1, 0),
(21, '霜降草', '10', '405', 0, 1, 0),
(22, '黏着草', '50', '2000', 0, 1, 0),
(23, '大王花', '1', '120', 0, 1, 0),
(24, '龟壳果', '1', '120', 0, 1, 0),
(25, '晶化粉尘', '5', '544--698', 0, 1, 0),
(26, '生肉', '10', '998', 0, 1, 0),
(27, '爆裂龙鱼', '50', '2398', 0, 1, 0),
(28, '沙丁鱼', '10', '1099', 0, 1, 0),
(29, '电甲虫的刚尾须', '1', '1998--2222', 0, 0, 1),
(30, '电甲虫的坚尾须', '1', '2998', 0, 0, 1),
(31, '吞渊龙的古龙之血', '3', '998', 0, 0, 2),
(32, '吞渊龙的古龙之燃血', '1', '198', 0, 0, 2),
(33, '吞渊龙的岩壳', '4', '498', 0, 0, 2),
(34, '吞渊龙的坚岩壳', '3', '498', 0, 0, 2),
(35, '吞渊龙的坚骨甲', '4', '498', 0, 0, 2),
(36, '吞渊龙的骨板甲', '3', '398', 0, 0, 2),
(37, '灰晶蝎的毒刚毛', '1', '998', 0, 0, 3),
(38, '鬼狩蛛的复鬼眼', '1', '498', 0, 0, 4),
(39, '剑豪镰蟹的坚钳', '3', '998', 0, 0, 5),
(40, '剑豪镰蟹的坚脚', '3', '998', 0, 0, 5),
(41, '剑豪镰蟹的坚壳', '3', '998', 0, 0, 5),
(42, '剑豪镰蟹的尖爪', '3', '998', 0, 0, 5),
(43, '剑豪镰蟹的极品金色大真珠', '1', '998', 0, 0, 5),
(44, '剑豪镰蟹的金色大真珠', '1', '2555--2777', 0, 0, 5),
(45, '剑豪镰蟹的极上金真珠', '1', '493', 0, 0, 5),
(46, '金眠鸟的稀胃石', '1', '1998--3111', 0, 0, 6),
(47, '银眠鸟的稀胃石', '1', '798--1798', 0, 0, 7),
(48, '银眠鸟的珍胃石', '1', '1500', 0, 0, 7),
(49, '银眠鸟的尖爪', '3', '598', 0, 0, 7),
(50, '银眠鸟的银羽毛', '1', '598', 0, 0, 7),
(51, '银眠鸟的晶莹的眠液', '4', '355', 0, 0, 7),
(52, '独耳黑狼鸟的钩爪', '2', '498', 0, 0, 8),
(53, '独耳黑狼鸟的厚鳞', '10', '1498', 0, 0, 8),
(54, '黑狼鸟的优质鳞', '2', '398', 0, 0, 9),
(55, '黑狼鸟的刚翼爪', '3', '498', 0, 0, 9),
(56, '冰雷鸟的厚实嗦囊', '1', '1855', 0, 0, 10),
(57, '冰雷鸟的极寒嗦囊', '1', '1555', 0, 0, 10),
(58, '铠龙的大龙玉', '1', '1333', 0, 0, 11),
(59, '砂岩龙的荒泪', '1', '1187-1998', 0, 0, 12),
(60, '晶岩龙的甲壳', '2', '998', 0, 0, 13),
(61, '晶岩龙的头壳', '2', '498', 0, 0, 13),
(62, '晶岩龙的背壳', '2', '498', 0, 0, 13),
(63, '晶岩龙的刚翼', '4', '498', 0, 0, 13),
(64, '晶岩龙的坚甲', '2', '498', 0, 0, 13),
(65, '晶岩龙的坚头壳', '3', '398', 0, 0, 13),
(66, '晶岩龙的重甲', '1', '698', 0, 0, 13),
(67, '断刃一角龙的坚甲', '1', '588--898', 0, 0, 14),
(68, '断刃一角龙的刚翼', '10', '1769', 0, 0, 14),
(69, '断刃一角龙的延髓', '5', '1298', 0, 0, 14),
(70, '祸星龙的刚翼', '3', '998', 0, 0, 16),
(71, '祸星龙的尖角', '3', '998', 0, 0, 16),
(72, '祸星龙的坚壳', '3', '998-1333', 0, 0, 16),
(73, '祸星龙的灾星龙鳞', '1', '2998', 0, 0, 16),
(74, '祸星龙的灾星厚龙鳞', '1', '998-1998', 0, 0, 16),
(75, '轰龙的颚', '1', '887', 0, 0, 17),
(76, '雌火龙的优质鳞', '10', '1666', 0, 0, 18),
(77, '雌火龙的尖爪', '5', '598', 0, 0, 18),
(78, '雌火龙的刚爪', '10', '1998', 0, 0, 18),
(79, '雌火龙的厚鳞', '2', '298', 0, 0, 18),
(80, '雌火龙的大秘棘', '1', '150', 0, 0, 18),
(81, '雌火龙的优质棘', '2', '498', 0, 0, 18),
(82, '雌火龙的毒棘', '1', '998-1555', 0, 0, 18),
(83, '雌火龙的坚壳', '2', '598-698', 0, 0, 18),
(84, '雌火龙的重壳', '4', '498', 0, 0, 18),
(85, '钢龙的逆鳞', '1', '4998', 0, 0, 19),
(86, '红电龙的刚翼', '4', '498', 0, 0, 20),
(87, '红电龙的尖牙', '3', '266-398', 0, 0, 20),
(88, '红电龙的柔皮', '3', '298-355', 0, 0, 20),
(89, '红电龙的超强吸盘', '1', '1198-1555', 0, 0, 20),
(90, '红电龙的强光电气袋', '1', '698-798', 0, 0, 20),
(91, '剑极狼的凶戾眼', '1', '2998', 0, 0, 21),
(92, '雪狮子的刚髭', '1', '1555', 0, 0, 22),
(93, '雪狮子的刚翼爪', '3', '498', 0, 0, 22),
(94, '雪狮子的豪髭', '1', '998', 0, 0, 22),
(95, '炎狮子的上头冠', '1', '2998--3998', 0, 0, 23),
(96, '战鬼河狸兽的利爪', '3', '298', 0, 0, 24),
(97, '战鬼河狸兽的利牙', '5', '398--598', 0, 0, 24),
(98, '战鬼河狸兽的优质皮', '5', '498', 0, 0, 24),
(99, '战鬼河狸兽的坚尾甲', '3', '298-398', 0, 0, 24),
(100, '战鬼河狸兽的尾甲', '1', '298', 0, 0, 24),
(101, '战鬼河狸兽的皮', '1', '300', 0, 0, 24),
(102, '战鬼河狸兽的牙', '2', '798', 0, 0, 24),
(103, '战鬼河狸兽的战鬼之眼', '1', '1200', 0, 0, 24),
(104, '战鬼河狸兽的战鬼之血', '1', '498-1700', 0, 0, 24),
(105, '战鬼河狸兽的凶眼', '1', '1998', 0, 0, 24);

-- --------------------------------------------------------

--
-- 表的结构 `monster`
--

CREATE TABLE `monster` (
  `id` int(20) NOT NULL COMMENT 'id',
  `name` varchar(50) NOT NULL DEFAULT '' COMMENT 'name'
) ENGINE=InnoDB DEFAULT CHARSET=utf8 COMMENT='monster';

--
-- 转存表中的数据 `monster`
--

INSERT INTO `monster` (`id`, `name`) VALUES
(1, '电甲虫'),
(2, '吞渊龙'),
(3, '灰晶蝎'),
(4, '鬼狩蛛'),
(5, '剑豪镰蟹'),
(6, '金眠鸟'),
(7, '银眠鸟'),
(8, '独耳黑狼鸟'),
(9, '黑狼鸟'),
(10, '冰雷鸟'),
(11, '铠龙'),
(12, '砂岩龙'),
(13, '晶岩龙'),
(14, '断刃一角龙'),
(15, '一角龙'),
(16, '祸星龙'),
(17, '轰龙'),
(18, '雌火龙'),
(19, '钢龙'),
(20, '红电龙'),
(21, '剑极狼'),
(22, '雪狮子'),
(23, '炎狮子'),
(24, '战鬼河狸兽');

-- --------------------------------------------------------

--
-- 表的结构 `SVN_USER`
--

CREATE TABLE `SVN_USER` (
  `NAME_` varchar(50) NOT NULL DEFAULT '' COMMENT '登录名',
  `REALNAME_` varchar(50) NOT NULL DEFAULT '' COMMENT '真实姓名',
  `PASSWORD_` varchar(50) NOT NULL DEFAULT '' COMMENT '密码',
  `MOBILEPHONE_` varchar(50) NOT NULL DEFAULT '' COMMENT 'phoneNum',
  `ID_` bigint(20) UNSIGNED NOT NULL COMMENT 'id',
  `CREATE_TIME_` timestamp NOT NULL DEFAULT CURRENT_TIMESTAMP COMMENT 'createDate'
) ENGINE=InnoDB DEFAULT CHARSET=utf8 COMMENT='SVN_USER';

--
-- 转存表中的数据 `SVN_USER`
--

INSERT INTO `SVN_USER` (`NAME_`, `REALNAME_`, `PASSWORD_`, `MOBILEPHONE_`, `ID_`, `CREATE_TIME_`) VALUES
('1', '1', '1', '12345678911', 1, '2000-03-20 16:00:00'),
('2', '2', '2', '12345678911', 2, '2000-01-22 16:00:00'),
('3', '3', '3', '12345678911', 3, '2000-01-22 16:00:00'),
('4', '4', '4', '12345678911', 4, '2000-01-22 16:00:00'),
('5', '5', '5', '12345678911', 5, '2000-01-22 16:00:00'),
('6', '6', '6', '12345678911', 6, '2000-01-22 16:00:00'),
('7', '7', '7', '12345678911', 7, '2000-01-22 16:00:00');

--
-- Indexes for dumped tables
--

--
-- Indexes for table `material`
--
ALTER TABLE `material`
  ADD PRIMARY KEY (`id`),
  ADD KEY `monster_id` (`monster_id`);

--
-- Indexes for table `monster`
--
ALTER TABLE `monster`
  ADD PRIMARY KEY (`id`);

--
-- Indexes for table `SVN_USER`
--
ALTER TABLE `SVN_USER`
  ADD PRIMARY KEY (`ID_`);

--
-- 在导出的表使用AUTO_INCREMENT
--

--
-- 使用表AUTO_INCREMENT `material`
--
ALTER TABLE `material`
  MODIFY `id` int(20) UNSIGNED NOT NULL AUTO_INCREMENT COMMENT 'id', AUTO_INCREMENT=106;
--
-- 使用表AUTO_INCREMENT `monster`
--
ALTER TABLE `monster`
  MODIFY `id` int(20) NOT NULL AUTO_INCREMENT COMMENT 'id', AUTO_INCREMENT=25;
--
-- 使用表AUTO_INCREMENT `SVN_USER`
--
ALTER TABLE `SVN_USER`
  MODIFY `ID_` bigint(20) UNSIGNED NOT NULL AUTO_INCREMENT COMMENT 'id', AUTO_INCREMENT=8;
/*!40101 SET CHARACTER_SET_CLIENT=@OLD_CHARACTER_SET_CLIENT */;
/*!40101 SET CHARACTER_SET_RESULTS=@OLD_CHARACTER_SET_RESULTS */;
/*!40101 SET COLLATION_CONNECTION=@OLD_COLLATION_CONNECTION */;
